{
    "accuracy": 0.681586978636826,
    "precision": 0.6331658291457286,
    "recall": 0.3442622950819672,
    "f1_score": 0.44601769911504424,
    "roc_auc": 0.6129739352233174,
    "test_size": 0.3,
    "n_estimators": 1000
}
